count_number,website,theme_store_id,name,theme_id
535,http://www.littleme.com,,G8A Main Theme - 9.3.21 (New Header & Yotpo),120530206799
141,http://www.headhuntersurf.com,730,Brooklyn,76614828094
1,http://www.lanessouthmiami.com,Not Found,Not Found,Not Found
140,http://www.betseyjohnson.com,,Launch ISP,120143577153
104,http://www.hotsox.com,,eHS DEPLOY + HOTSOX 50 B2G1 (Sept15-28),127335628999
107,http://www.berlinsclothing.com,,Install-me-wokiee-v-1-9-1,104636678294
2,http://www.americangirl.com,Not Found,Not Found,Not Found
1,http://www.citcom.net,Not Found,Not Found,Not Found
1,http://www.adbadvertising.com,Not Found,Not Found,Not Found
358,http://www.kencraftcandy.com,,Hoffmans,76516851798
931,http://www.petfoodshop.com,856,Artisan,74022584406
97,http://www.littlearth.com,,sl-theme-new-6-14-21,124033695917
258,http://www.kiddingaround.us,606,[AWEB LIVE] Kidding Around Toys,83153682494
362,http://www.boydsnyc.com,847,Apolo of HELEN COPY september 2018,37382717491
141,http://www.trimfit.com,,NV,80626417724
997,http://www.pgrahamdunn.com,857,Impulse | Bold Subs. | Jun 18,120343986308
3,http://www.spitzjewelers.com,Not Found,Not Found,Not Found
146,http://www.drjohns.com,,Dr. John's theme,32019939392
152,http://www.lavenderfieldsonline.com,,Custom Lavender Fields [MH Sale edits 1/3/21],79198158893
205,http://www.etc-east.com,,Avone-16-shoes LATEST Feb2021,119354327208
214,http://www.diamondcellar.com,,Copy of Production - Rolex Bespoke,125532930215
273,http://www.dressbarn.com,,Dress-Barn [PRODUCTION],80212688949
96,http://www.heidiboutique.com,380,Minimal,80437346379
26,http://www.shipleydonuts.com,Not Found,Not Found,Not Found
25,http://www.tansudesign.com,Not Found,Not Found,Not Found
156,http://www.kanesfurniture.com,,Release - PDP Modal Updates v2,127218024637
144,http://www.securityjewelers.com,,Madsections-1.6.8,77571293293
131,http://www.cherrycreekflorist.com,,theme-export-cherry-creek-custom-floral-myshop,36267130991
139,http://www.jamesperse.com,,Wokiee - Launch Theme (April 2021),116707295396
281,http://www.jewelryartisans.com,730,Revamp - CT - 7/16/21,124803121309
468,http://www.jcmelectronics.com,,Superstore-v3.0.0 20201026,108691849378
292,http://www.arkbooks.com,855,CURRENT BACKUP 9/21/21,126685544600
787,http://www.kerusso.com,,Theme export  www-kerusso-com-turbo-portland-02...,81710809157
105,http://www.stylesforless.com,,Supply,123694809273
98,http://www.poshchocolat.com,652,Startup,10542737
172,http://www.jayfjeweler.com,747,4th of July Edit,124065644711
280,http://www.thecakery.com,855,Copy of Prestige Hulk 1-18-19,84626178187
349,http://www.displayanddesign.com.au,Not Found,Not Found,Not Found
420,http://www.life-enhancement.com,865,Copy of Avenue-Dev | Nuran,120341004342
255,http://www.tierradellagarto.com,855,Working Prestige-dev-0917,123088175269
667,http://www.ibex.com,796,BACKUP - LIVE - v1.5.6 (0876823) - 08.17.21,127322357931
400,http://www.partitionsandaccessco.com,,Parallax-January-29-2019-V3.5.6,37665603686
1,http://www.fadoirishpub.com,Not Found,Not Found,Not Found
288,http://www.longsjewelers.com,,Long's 9-17 ADA,120454086791
2,http://www.squaredanceclothes.com,Not Found,Not Found,Not Found
550,http://www.dibashoes.com,730,Brooklyn,104324792480
176,http://www.gramaphonerecords.com,775,Venture,117579677881
254,http://www.craigelectronics.com,796,Copy of Debut w/ Bazaarvoice,123881881764
611,http://www.danskin.com,,Danskin LIVE theme,126079467704
356,http://www.neato.com,411,Envy,103984267417
1419,http://www.tigertowngraphics.com,,Retina,63076229
10,http://www.suitcase.com,Not Found,Not Found,Not Found
222,http://www.lordandtaylor.com,,L & T - 9.23 Free Ship Weekend,127081349296
1,http://www.higbyco.com,Not Found,Not Found,Not Found
217,http://www.johnsclassiccars.com,775,Venture,44794118202
113,http://www.mercuryluggage.com,796,Debut,41777070151
1,http://www.cbwines.com,Not Found,Not Found,Not Found
79,http://www.jandclighting.com,679,Supply,10641292
1,http://www.bowback.com,Not Found,Not Found,Not Found
135,http://www.bodyglove.com,735,"Theme with New Menu, 2020-07-24",82948030512
161,http://www.oohlalamyrtlebeach.com,796,Debut,110930395287
38,http://www.simplyfashions.com,Not Found,Not Found,Not Found
146,http://www.bittersweetpastry.com,739,Pipeline - Updates attempted - HC - 09 Mar'20,80511270960
286,http://www.radioshack.com,,RadioShack [Production],120334680235
519,http://www.eyebobs.com,,[PROD - 09.16.2021] Eyebobs | Pointer,126905942198
257,http://www.sportsbasement.com,,SB LIVE 2021-08-10,120357519432
1,http://www.kbzaveree.com,Not Found,Not Found,Not Found
291,http://www.stilacosmetics.com,,Production Release v7,120387371111
256,http://www.trilliumorganics.com,730,Brooklyn (THE NEW WEBSITE),32357220432
152,http://www.marinamorrison.com,730,Brooklyn - no commerce version v1.2 - MZTS,126514856132
115,http://www.countryhomecandle.com,,Country Home Candle (Turbo theme),39006109785
103,http://www.woodenhorsetoys.com,57,WH Pre- collection filter,32102401
167,http://www.acorntoyshop.com,606,Blockshop with Recommendify- Troop,79976431718
701,http://www.clifbar.com,Not Found,Not Found,Not Found
247,http://www.wheatgrasskits.com,,Live Theme,120364367987
141,http://www.socaclothing.com,686,Search Testing - Icon [Afterpay 5/13/20],119227154624
160,http://www.bebe.com,796,[PROD],83145392205
2,http://www.americangirl.com,Not Found,Not Found,Not Found
2,http://www.saybrookcountrybarn.com,Not Found,Not Found,Not Found
131,http://www.chestnutbakery.com,796,Live - Chestnut Bakery,123583267008
273,http://www.logonlighting.com,796,Debut,35115434095
89,http://www.kaplantel.net,687,ShowTime,169373445
264,http://www.noplacelikeit.com,838,Empire,106401955994
134,http://www.akinsfurniture.com,,IMR Debut,120826101938
166,http://www.am-ind.com,,Debut --WH,16878862396
1,http://www.fibreworks.com,Not Found,Not Found,Not Found
78,http://www.nausetrodandgun.com,796,Debut,159539730
87,http://www.aviationart.com,601,Retina,9495023
2598,http://www.anneklein.com,,PRODUCTION | ICEE SOCIAL 2-23-21 Checkout,81817862215
1,http://www.straussauto.com,Not Found,Not Found,Not Found
1,http://www.serviceshadeshop.com,Not Found,Not Found,Not Found
309,http://www.wishatl.com,855,2020,73313910837
245,http://www.flaphappy.com,847,Motion,80582967338
159,http://www.metrolighting.com,718,Grid - Light,77951500368
86,http://www.mandee.com,623,Site Takedown Theme ,174882958
122,http://www.kidsnkribs.com,687,KNK ShowTime 6.3 + Noticed Enhancements,105449521310
2,http://www.knoxville.org,Not Found,Not Found,Not Found
1,http://www.marchfurniture.com,Not Found,Not Found,Not Found
132,http://www.securepersonalcare.com,796,Debut,122231488670
1,http://www.heritagehouse.net,Not Found,Not Found,Not Found
1,http://www.covinacoin.com,Not Found,Not Found,Not Found
213,http://www.ardensgarden.com,865,Avenue,44317245521
323,http://www.bamafever.com,735,District with Installments message,120507367533
1,http://www.cooksboulevard.com,Not Found,Not Found,Not Found
2,http://www.yorkstreet.com,Not Found,Not Found,Not Found
476,http://www.exoticwings.com,871,Home Page Gussy v2 - LIVE,120366039143
159,http://www.toysgalore.us,,BMC_games-galore-etc_Theme,117514731675
2,http://www.scottcooner.com,Not Found,Not Found,Not Found
1,http://www.lockrobots.com,Not Found,Not Found,Not Found
180,http://www.mace.com,871,Mace 2021 New Website Design,83926843435
200,http://www.morningstarsjewelers.com,,Morningstars Jewelers & Pawnbrokers v1.2,57029722212
109,http://www.lulubelltoys.com,,Couture,2304122
94,http://www.maryhoyerdoll.com,796,debut,128843521
277,http://www.magicsliders.com,,Empire-5.8.0-manual-update,84062306327
139,http://www.dottiedoolittle.com,732,Canopy,67646851
225,http://www.bette-court.com,801,Theme (16-July-2021),124980592801
108,http://www.bbarnett.com,,Copy of GG-Edit2-Copy of Atlantic Tasklon (Dec-...,116945223834
133,http://www.eugenetoyandhobby.com,679,Supply,126941233340
1,http://www.blinns.com,Not Found,Not Found,Not Found
25,http://www.radioshackcorporation.com,Not Found,Not Found,Not Found
275,http://www.wildwestliving.com,796,C&R Redesign 11/11/19 - Chelsea & Rachel Co,73296969811
917,http://www.crabtree-evelyn.com,,US | Week 37 - Greece 140921,120501829698
1,http://www.uthreads.com,Not Found,Not Found,Not Found
312,http://www.englishtraditions.com,730,Brooklyn,16533061687
160,http://www.bebe.com,796,[PROD],83145392205
156,http://www.marywalter.net,857,Impulse,79857418300
77,http://www.floraottimer.com,796,Debut,122763542696
377,http://www.jpeterman.com,796,Live ,120265080891
107,http://www.glennsmarket.com,688,Parallax,111699334
1,http://www.kamaybeauty.com,Not Found,Not Found,Not Found
641,http://www.rashellcosmetics.com,,Work - ITG  with WC ,119282335915
143,http://www.griffintechnology.com,,Griffin BK 08-08-19 Apolo - Logo Bar,120320131172
1,http://www.sweetsfromheaven.com,Not Found,Not Found,Not Found
79,http://www.creativekidstoys.com,,New template monster theme,10646683671
266,http://www.magicalchild.com,796,Debut,92683829386
286,http://www.radioshack.com,,RadioShack [Production],120334680235
205,http://www.pavefinejewelry.com,855,Prestige,117802238105
211,http://www.oakforless.com,871,Warehouse with Chekkit added 04-16-2020,81335582829
77,http://www.dominantmusic.com.au,,classic,113269059
255,http://www.henigfurs.com,855,Henig Furs Live,77560807564
1,http://www.rtecexpress.net,Not Found,Not Found,Not Found
258,http://www.pier1.com,,[P1] Empire,113643323559
232,http://www.sonyadakar.com,,SD PROD 9.15,120602820689
301,http://www.aaraa-usa.com,796,debut,172818312
237,http://www.thevoluptuousvixen.com,,Parallax Update | Bold Discounts | June 9.20,83056853074
353,http://www.patriciafield.com,801,Flow,31953649766
459,http://www.munkyking.com,747,Kagami - light theme | Bold CSP | 26.Jan.2021,82158026870
1,http://www.qedsales.com,Not Found,Not Found,Not Found
1307,http://www.scandesign.com,,Turbo 6.1.1 V1.3 - custom code + LS + FDG,122479837373
91,http://www.mcarthurs.com,730,Brooklyn,46244364336
117,http://www.trippnyc.com,,TRIPP - SO 1.2,125569892537
597,http://www.volcom.com,,VOLCOM - BASE THEME,44916768826
164,http://www.kupainc.com,857,Impulse,81534746658
102,http://www.casualdesignsfurniture.com,687,ShowTime,43744395329
271,http://www.pannellswimshop.com,871,Warehouse with Installments message,120379080822
230,http://www.luggagepros.com,,Luggage Pros Theme 06.14.21,120381276248
2,http://www.hardwarestore.com,Not Found,Not Found,Not Found
341,http://www.citylightssf.com,,Empire v1.2,123612627111
123,http://www.slopecellars.com,566,Atlantic + Cloud Search [Placeholders Update],123899609240
172,http://www.fantasmamagic.com,775,Venture - Brisk Developers,115653410975
25,http://www.escadamail.com,Not Found,Not Found,Not Found
1143,http://www.avalanchewear.com,,September 2021 Double Points Theme 2,126771495069
1,http://www.macresflorist.com,Not Found,Not Found,Not Found
192,http://www.barstoolsetc.com,,barstools 03-16-2021,120938725551
533,http://www.jadabugs.com,,Showtime (with swatches),81041096809
225,http://www.emptyvase.com,,after product page banner,123542175899
8,Http://www.7diamonds.com,Not Found,Not Found,Not Found
146,http://www.sandispells.com,,theme-export-sandi-spells-designs-myshopify-co,166108882
1061,http://www.earcharms.com,623,Testament,141088647
1,http://www.critterskeeper.com,Not Found,Not Found,Not Found
1,http://www.bouquetpalace.com,Not Found,Not Found,Not Found
101,http://www.clovertoys.com,578,Simple,92165669002
259,http://www.grandcentralhomefurnishings.com,838,Empire,103050379432
1,http://www.blacksheepdesigns.com,Not Found,Not Found,Not Found
119,http://www.caterkids.com,230,EG-JUN8-SHOPPAY-EXPRESSION,123587526834
300,http://www.licensingessentials.com.au,796,master,107341775015
1,http://www.adashi.com,Not Found,Not Found,Not Found
2583,http://www.anglodutchpoolsandtoys.com,,Anglo Dutch PoolsToys Greg 10-28-20,114974818488
1,http://www.thevillagegc.com,Not Found,Not Found,Not Found
137,http://www.johnsmustang.com,,Production [DO NOT EDIT OR DELETE],81621319774
159,http://www.secondsoleohio.com,459,Second Sole,97874706491
188,http://www.shirtsnthings.com,,V3.0.5-theme blackery,84024426573
317,http://www.bigdogs.com,,09142021,126820778178
161,http://www.ladyfingersjewelry.com,857,Impulse,107014520985
302,http://www.hatclub.com,,HC 2.1.18 - Password Page & Site Improvements,120504680523
1,http://www.forgetmenotonline.com,Not Found,Not Found,Not Found
1,http://www.boutiquemanhattan.com,Not Found,Not Found,Not Found
288,http://www.longsjewelers.com,,Long's 9-17 ADA,120454086791
382,http://www.perfumania.com,,Speed Optimized Theme 22 Sept,120489836677
1,http://www.bdsdiscount.com,Not Found,Not Found,Not Found
40,http://www.colesmarket.net,679,Supply,95498895419
203,http://www.thomaslavin.com,718,Grid,115282542743
159,http://www.brookstone.com,796,Production,80881582183
86,http://www.andersonfabrics.com,855,Prestige,104685863071
426,http://www.satels.com,872,Streamline,80943317103
210,http://www.tropicolor.com,796,Debut,86946906245
25,http://www.radioshackcorporation.com,Not Found,Not Found,Not Found
1,http://www.bgwine.com,Not Found,Not Found,Not Found
1,http://www.auntieannes.com,Not Found,Not Found,Not Found
1,http://www.hotspring-dayton.com,Not Found,Not Found,Not Found
1,http://www.paradigmkids.com,Not Found,Not Found,Not Found
1,http://www.wickerandtheworks.com,Not Found,Not Found,Not Found
1,http://www.casablancajewelers.com,Not Found,Not Found,Not Found
1,http://www.shawfarm.com,Not Found,Not Found,Not Found
166,http://www.allshewrote.com,567,Mr Parker,95074844810
388,http://www.ogracing.com,,Release - v1.0.4,120391434306
240,http://www.williamnoble.com,,Atlantic (Streamline - Do not - Power Tools Backup,80198598708
48,http://www.smartbuyfurniture.com,230,Copy of Expression,83122192477
25,http://www.leebeauty.com,Not Found,Not Found,Not Found
25,http://www.98angel.com,Not Found,Not Found,Not Found
